observation_id, date      , station_id, latitude           , longitude        , depth_m, temperature_surface_C, temperature_100m_C, salinity_psu, dissolved_oxygen_mg_l, pH   , chlorophyll_a_mg_m3, wave_height_m, current_speed_m_s, region       , data_quality
OBS_220e056b  , 2023-01-01, AS01      , 15.510105152848066 , 68.19419121865977, 10     ,                 29.74, N/A               ,       34.634, 7.37                 ,  8.56, 0.136              ,          1.64,             0.006, Arabian Sea  , 
OBS_29ec67c6  , 2023-01-01, AS02      , 12.80950369682397  , 71.49571953935823, 1000   ,                      , 20.42             ,       34.114, 4.54                 ,  7.32, 0.275              ,              ,             0.284, Arabian Sea  , fair
OBS_c58c8382  , 2023-01-01, BOB01     , 13.001109225897098 , 80.29399361310081, 200    ,                 26.64, 19.85             ,       32.232, 5.07                 ,  8.28, 0.578              ,          0.85,             0.056, Bay of Bengal, 
OBS_fa853f08  , 2023-01-01, BOB02     , 16.50389348913256  , 82.12778313041552, 200    ,                 27.77, 20.17             ,       37.023, 6.18                 ,  7.78, 0.028              ,          1.11,             0.112, Bay of Bengal, poor
OBS_43eedcbd  , 2023-01-01, IO01      ,  8.51057122226219  , 73.20324083969395, 200    ,                 31.48, 22.8              ,       35.858, 4.38                 ,  7.63, 0.253              ,          0.91,             0.235, Indian Ocean , 
OBS_c9737c12  , 2023-01-01, IO02      ,  6.1916078247677735, 75.79690787624149, 500    ,                 27.54, 19.93             ,       35.534, 8.06                 ,  8.38, 1.18               ,              ,             0.023, Indian Ocean , questionable
OBS_7e08eafb  , 2023-01-08, AS01      , 15.489621701234846 , 68.19924196254972, 200    ,                 29.33, 25.22             ,       34.225, 5.87                 ,  7.77, 1.046              ,          0.44,             0.655, Arabian Sea  , fair
OBS_290438e5  , 2023-01-08, AS02      , 12.790796091949327 , 71.48581249541408, 200    ,                 30.93, 24.65             ,       36.595, 6.81                 ,  9.11, 0.446              ,              ,             0.008, Arabian Sea  , good
OBS_685ba35c  , 2023-01-08, BOB01     , 12.994982429564155 , 80.30501448331525, 1000   ,                 31.11, 24.99             ,       34.823, 5.24                 ,  7.65, 1.127              ,          0.66,                  , Bay of Bengal, 
OBS_2eb6b2d9  , 2023-01-08, BOB02     , 16.49672337853402  , 82.10296120277064, 2000   ,                 31.4 , 22.92             ,       35.177, 8.67                 ,  8.15, 1.811              ,          0.73,             0.167, Bay of Bengal, 
OBS_2a022a4d  , 2023-01-08, IO01      ,  8.502149388300948 , 73.17977685066805, 10     ,                 29.15, N/A               ,       34.806, 5.78                 ,  7.68, 0.102              ,          0.94,             0.859, Indian Ocean , 
OBS_3e1fcf78  , 2023-01-08, IO02      ,  6.198076390352189 , 75.80301547342333, 1000   ,                 26.14, 26.59             ,       34.778, 3.19                 ,  7.78, 0.03               ,          0.55,             0.21 , Indian Ocean , questionable
OBS_133c363e  , 2023-01-15, AS01      , 15.491193591814703 , 68.20076894948585, 0      ,                 28.41, 18.36             ,       36.171, 7.55                 ,  8.34, 0.367              ,          0.6 ,             0.301, Arabian Sea  , fair
OBS_c06c7c08  , 2023-01-15, AS02      , 12.800685629748061 , 71.49080575765767, 500    ,                 27.27, N/A               ,       35.908, 9.27                 ,  8.36, 0.013              ,          0.29,             0.057, Arabian Sea  , questionable
OBS_335336ae  , 2023-01-15, BOB01     , 13.025391627162694 , 80.28559958552316, 200    ,                 32.37, 19.59             ,       34.414, 7.66                 ,  7.73, 1.36               ,          3.3 ,             0.029, Bay of Bengal, good
OBS_b94a623f  , 2023-01-15, BOB02     , 16.492856485819736 , 82.11865774511145, 500    ,                 31.48, 26.26             ,       33.759, 7.31                 ,  8.47, 0.07               ,          1.66,             0.053, Bay of Bengal, 
OBS_1a352521  , 2023-01-15, IO01      ,  8.51268389522404  , 73.19132358910021, 15000  ,                 29.68, 18.29             ,       35.588, 4.45                 ,  8.34, 0.315              ,          2.3 ,             0.322, Indian Ocean , questionable
OBS_24974680  , 2023-01-15, IO02      ,  6.214535340771573 , 75.80625667347765, 1000   ,                 28.86, 17.72             ,       33.874, 7.78                 ,  8.03, 0.798              ,          1.35,             0.203, Indian Ocean , good
OBS_e94222e5  , 2023-01-22, AS01      , 15.50714000494092  , 68.20473237624574, 2000   ,                 26.36, 18.67             ,       35.379, -999.0               ,  8.03, 0.012              ,              ,             0.791, Arabian Sea  , 
OBS_2716bad8  , 2023-01-22, AS02      , 12.80092478871551  , 71.50230953722945, 50     ,                 28.32, 19.39             ,       32.982, 5.4                  ,  8.36, 0.149              ,          2.21,             0.253, Arabian Sea  , poor
OBS_c3a572c1  , 2023-01-22, BOB01     , 12.990621749600848 , 80.30515047686306, 50     ,                 26.48, 25.48             ,       49.862, 7.77                 ,  8.42, 0.97               ,          0.36,             0.498, Bay of Bengal, 
OBS_809c544c  , 2023-01-22, BOB02     , 16.501650227981095 , 82.0914407108217 , 50     ,                 38.13, 23.93             ,       36.163, -999.0               ,  8.39, 1.766              ,          2.13,             0.141, Bay of Bengal, 
OBS_a83a3aad  , 2023-01-22, IO01      ,  8.500642800190954 , 73.18922255222071, 10     ,                 28.4 , 20.39             ,       32.654, 6.84                 ,  7.98, 0.03               ,          1.42,             0.134, Indian Ocean , poor
OBS_7e5cdc30  , 2023-01-22, IO02      ,  6.2184341375832055, 75.8001514327826 , 1000   ,                      , 19.81             ,       35.616, 4.89                 ,  8.16, 0.042              ,          5.64,             0.388, Indian Ocean , poor
OBS_b1eb929b  , 2023-01-29, AS01      , 15.5086575519417   , 68.19525054688839, 50     ,                 29.61, 25.45             ,       34.046, 5.4                  ,  7.6 , 0.065              ,          1.93,             0.057, Arabian Sea  , 
OBS_513e3f04  , 2023-01-29, AS02      , 12.816513509864796 , 71.4926925859677 , 10     ,                 26.87, 27.75             ,       35.286, 3.93                 ,  8.38, 2.478              ,          1.76,             0.163, Arabian Sea  , questionable
OBS_a0a547a6  , 2023-01-29, BOB01     , 12.987522168180352 , 80.29559955513302, 2000   ,                 25.3 , 21.34             ,       37.046, 6.17                 ,  7.82, 0.513              ,          1.09,             0.287, Bay of Bengal, fair
OBS_4519f2f4  , 2023-01-29, BOB02     , 16.500608966071173 , 82.08102623017511, 2000   ,                 28.83, 26.71             ,       33.077, 8.29                 ,  8.1 , 0.86               ,          1.13,             0.845, Bay of Bengal, good
OBS_3091ad0d  , 2023-01-29, IO01      ,  8.50280991867735  , 73.1937730048018 , 500    ,                 31.7 , 20.13             ,       37.334, -999.0               ,  8.31, 0.39               ,          1.41,             0.707, Indian Ocean , fair
OBS_7d7919ab  , 2023-01-29, IO02      ,  6.214525502474624 , 75.79370299142735, 100    ,                 27.98, 20.52             ,             , 5.14                 ,  8.35, 0.101              ,          2.58,             0.398, Indian Ocean , poor
OBS_d2545feb  , 2023-02-05, AS01      , 15.497978073475661 , 68.20825416348988, 50     ,                 30.69, 23.87             ,       33.948, 2.98                 ,  7.73, 1.198              ,          1.98,             0.168, Arabian Sea  , fair
OBS_ab5ff3c2  , 2023-02-05, AS02      , 12.793869053170917 , 71.5191231763984 , 1000   ,                 30.53, 26.28             ,       19.825, 7.43                 ,  8.01, 0.394              ,          1.07,             0.902, Arabian Sea  , fair
OBS_f95b97b9  , 2023-02-05, BOB01     , 13.006283455092642 , 80.30075804558193, 50     ,                 31.16, 16.37             ,       34.264, 8.37                 ,  7.74, 1.117              ,          2.09,             0.205, Bay of Bengal, questionable
OBS_338b8be2  , 2023-02-05, BOB02     , 16.513578807881    , 82.09566696593097, -50    ,                 26.81, 25.22             ,       34.624, 4.71                 ,  8.0 , 0.123              ,          2.07,             0.026, Bay of Bengal, fair
OBS_a5d5edf6  , 2023-02-05, IO01      ,  8.497865528482881 , 73.20857659623202, 500    ,                 29.01, 23.89             ,       35.847, 8.28                 ,  7.96, 2.354              ,          0.72,             0.245, Indian Ocean , questionable
OBS_45269ac3  , 2023-02-05, IO02      ,  6.207708631014641 , 75.78554390027527, 50     ,                 28.1 , 22.04             ,       33.597, 6.17                 ,  8.01, 0.046              ,          3.12,             0.982, Indian Ocean , 
OBS_2aecf501  , 2023-02-12, AS01      , 15.492269902161445 , 68.21451143607796, 200    ,                 26.39, 21.0              ,       35.349, 6.33                 ,  8.4 , 3.965              ,          1.44,             0.222, Arabian Sea  , good
OBS_d8e64346  , 2023-02-12, AS02      , 12.809763091264811 , 71.4916027815782 , 2000   ,                 30.9 , 28.99             ,       33.879, 7.77                 ,  8.16, 0.037              ,          1.22,                  , Arabian Sea  , poor
OBS_06a0f6ab  , 12/02/2023, BOB01     , 13.003624764588054 , 80.30741963016528, 100    ,                 27.0 , 15.3              ,       34.169, 4.83                 ,  8.15, 2.932              ,          0.17,             0.346, Bay of Bengal, poor
OBS_ae777fa7  , 2023-02-12, BOB02     , 16.475477353986843 , 82.09098706181335, 1000   ,                 32.19, 24.34             ,       34.641, 6.07                 ,  8.02, 1.331              ,          3.28,             0.547, Bay of Bengal, fair
OBS_ec02c404  , 12/02/2023, IO01      ,  8.489323795706174 , 73.19857620514979, 200    ,                 28.23, 21.92             ,       35.111, 6.74                 ,  8.55, 2.317              ,          1.68,             0.085, Indian Ocean , good
OBS_4b6b21f8  , 2023-02-12, IO02      ,  6.203323140119796 , 75.79251513463443, 2000   ,                 28.8 , N/A               ,       35.417, 7.48                 ,  7.76, 0.77               ,              ,             0.133, Indian Ocean , fair
OBS_a2c3bf3e  , 2023-02-19, AS01      , 15.514890451738845 , 68.2087782516848 , 2000   ,                 32.38, 22.47             ,       36.215, 6.32                 ,  8.72, 1.674              ,          4.09,             0.043, Arabian Sea  , good
OBS_d5d1d26c  , 2023-02-19, AS02      , 12.816286155455714 , 71.48619898541786, 50     ,                 27.42, 21.0              ,       32.723, 8.8                  ,  8.37, 0.342              ,          1.2 ,             0.459, Arabian Sea  , 
OBS_ccd5d0dd  , 2023-02-19, BOB01     , 13.00366598246097  , 80.29060120213673, 200    ,                 24.24, 21.92             ,       35.261, 6.14                 ,  7.48, 0.803              ,          1.24,                  , Bay of Bengal, poor
OBS_673233cc  , 2023-02-19, BOB02     , 16.491845009267116 , 82.09440974506765, 200    ,                 27.22, 18.71             ,       34.725, 7.92                 ,  7.8 , 0.171              ,          1.92,             0.056, Bay of Bengal, 
OBS_48b1f085  , 2023-02-19, IO01      ,  8.498876719503091 , 73.19779030400467, 10     ,                 24.91, 21.49             ,       34.869, 2.09                 ,  8.07, 1.285              ,          1.38,             0.026, Indian Ocean , questionable
OBS_1cfd00c7  , 2023-02-19, IO02      ,  6.216449677135013 , 75.79750963960443, 1000   ,                 30.04, 24.52             ,       34.163, 5.16                 ,  8.02, NULL               ,          0.09,             0.138, Indian Ocean , fair
OBS_68f00f50  , 2023-02-26, AS01      , 15.498130948774396 , 68.19952209122627, 200    ,                 29.94, 23.1              ,       38.495, 8.22                 ,  8.06, 0.608              ,          0.57,             0.094, Arabian Sea  , 
OBS_6d528b10  , 2023-02-26, AS02      , 12.800773683076477 , 71.49138715798672, 50     ,                 25.85, 20.01             ,       33.872, 5.57                 ,  8.17, 0.909              ,          2.51,             0.207, Arabian Sea  , poor
OBS_69acedf8  , 26/02/2023, BOB01     , 12.98601432426181  , 80.3056296923669 , 500    ,                 32.31, 23.82             ,       33.555, 5.86                 ,  7.84, 0.831              ,          0.35,                  , Bay of Bengal, good
OBS_ba02d642  , 2023-02-26, BOB02     , 16.503902532689832 , 82.09915091167504, 50     ,                 26.87, 20.54             ,       34.089, 4.64                 ,  8.11, 0.423              ,          0.65,             0.036, Bay of Bengal, questionable
OBS_dee064a7  , 2023-02-26, IO01      ,  8.507513871233717 , 73.19337376241054, 50     ,                 29.09, N/A               ,       35.128, 4.9                  ,  7.94, 0.884              ,          1.44,             0.099, Indian Ocean , 
OBS_92b95eba  , 2023-02-26, IO02      ,  6.207977363145787 , 75.8278377742349 , 10     ,                 29.93, 19.66             ,       32.634, 3.27                 ,  8.11, 0.098              ,          0.3 ,             0.05 , Indian Ocean , fair
OBS_12cf3c49  , 2023-03-05, AS01      , 15.51441568620658  , 68.2057707212718 , 10     ,                 24.47, 21.62             ,       34.311, 5.12                 ,  8.33, 0.915              ,          1.96,             0.159, Arabian Sea  , questionable
OBS_38b399f1  , 2023-03-05, AS02      , 12.80113729460213  , 71.4968152148935 , 50     ,                 27.99, 23.29             ,       34.075, 6.36                 ,  8.05, 0.684              ,          1.21,             0.068, Arabian Sea  , good
OBS_d7ee7d2e  , 2023-03-05, BOB01     , 12.995919246269784 , 80.28129208078974, 100    ,                 27.7 , 23.84             ,       36.042, 2.23                 ,  8.21, 1.678              ,          3.0 ,             0.142, Bay of Bengal, good
OBS_7d83327f  , 2023-03-05, BOB02     , 16.49115184058082  , 82.10286941261224, 10     ,                 27.62, 22.16             ,       36.812, -999.0               ,  8.2 , 0.387              ,          1.12,             0.711, Bay of Bengal, poor
OBS_0685d852  , 2023-03-05, IO01      ,  8.495406391004597 , 73.19150155630535, 10     ,                 28.91, 23.92             ,       33.75 , 5.48                 ,  8.25, 0.61               ,          3.08,             0.466, Indian Ocean , poor
OBS_48ed0876  , 2023-03-05, IO02      ,  6.212869749638496 , 75.79555362441754, 100    ,                 30.58, 19.36             ,       34.886, 5.34                 ,  8.24, 0.335              ,          1.71,             0.035, Indian Ocean , questionable
OBS_6f0d2059  , 2023-03-12, AS01      , 15.518767958125581 , 68.18221279751096, 200    ,                 27.43, 20.33             ,             , 7.93                 ,  8.39, 0.82               ,          1.81,             0.127, Arabian Sea  , fair
OBS_6ffae0af  , 2023-03-12, AS02      , 12.800469154349503 , 71.51782163618536, 100    ,                 32.24, 24.19             ,       34.733, 6.7                  ,  7.76, 0.564              ,          1.13,             0.807, Arabian Sea  , good
OBS_568738fb  , 2023-03-12, BOB01     , 12.994887843235688 , 80.2901039517974 , 200    ,                 29.98, 22.79             ,       35.331, 6.65                 ,  7.76, 0.747              ,          3.75,             0.779, Bay of Bengal, fair
OBS_ae243061  , 2023-03-12, BOB02     , 16.49417199398587  , 82.1085224648903 , 100    ,                 28.19, 22.28             ,       36.113, 3.15                 ,  8.56, 0.045              ,          2.77,             0.122, Bay of Bengal, good
OBS_fd16f64d  , 2023-03-12, IO01      ,  8.48496857046882  , 73.17303113357059, 500    ,                 22.7 , 21.36             ,       35.554, 8.49                 ,  7.85, 0.482              ,          1.08,             0.058, Indian Ocean , fair
OBS_f60ce1ab  , 2023-03-12, IO02      ,  6.205166693086482 , 75.79200889429174, 1000   ,                 28.36, 21.36             ,       35.635, 9.53                 ,  8.44, 0.011              ,          0.53,             0.048, Indian Ocean , fair
OBS_70d35043  , 2023-03-19, AS01      , 15.494263379931198 , 68.1945314105876 , 1000   ,                 28.09, N/A               ,       34.801, 6.48                 ,  7.9 , 1.109              ,          1.49,             0.685, Arabian Sea  , fair
OBS_a87ddd95  , 2023-03-19, AS02      , 12.788224716347251 , 71.5020370179814 , 100    ,                 28.42, 20.36             ,       33.945, 6.39                 ,  8.02, 0.595              ,          3.57,             0.154, Arabian Sea  , questionable
OBS_57c7e58c  , 2023-03-19, BOB01     , 13.017522704434237 , 80.30935678393148, 1000   ,                 29.22, N/A               ,       34.494, 5.93                 ,  8.26, 0.253              ,          0.48,             0.051, Bay of Bengal, fair
OBS_1b98acf0  , 2023-03-19, BOB02     , 16.497707839484463 , 82.10234652005154, 2000   ,                 31.68, 24.41             ,       33.445, 5.26                 ,  8.25, 0.846              ,          1.0 ,             0.384, Bay of Bengal, 
OBS_81cb134c  , 2023-03-19, IO01      ,  8.487488864236147 , 73.18758498769051, 2000   ,                 29.13, 27.37             ,       33.591, 5.02                 ,  7.82, 1.813              ,          1.7 ,                  , Indian Ocean , 
OBS_7117219a  , 2023-03-19, IO02      ,  6.2169645636829   , 75.7945508091319 , 200    ,                 26.46, 26.31             ,       32.696, 7.56                 ,  7.68, 0.421              ,          0.13,             0.89 , Indian Ocean , questionable
OBS_060a51ff  , 2023-03-26, AS01      , 15.506722572844138 , 68.18711552620243, 1000   ,                 29.5 , 21.98             ,       36.124, 6.41                 ,  8.15, 0.443              ,          5.03,             0.045, Arabian Sea  , questionable
OBS_a020b64c  , 2023-03-26, AS02      , 12.809826909839456 , 71.48159125768669, 2000   ,                 28.75, 16.89             ,       35.462, 9.81                 ,  8.32, 1.416              ,          1.62,             0.328, Arabian Sea  , good
OBS_5d443223  , 2023-03-26, BOB01     , 13.00581022009866  , 80.313413119197  , 50     ,                 25.3 , 20.1              ,       34.831, 7.13                 ,  7.88, 0.069              ,          0.33,             0.102, Bay of Bengal, poor
OBS_4fdd42d0  , 26/03/2023, BOB02     , 16.50700309879409  , 82.09424362173762, 10     ,                 26.29, 23.94             ,       32.696, 9.95                 ,  8.01, 2.21               ,          0.63,             0.091, Bay of Bengal, fair
OBS_bcab0e4f  , 2023-03-26, IO01      ,  8.499650115095031 , 73.21770800635636, 200    ,                 28.81, 30.29             ,       34.685, 8.27                 ,  7.89, 0.09               ,              ,             0.023, Indian Ocean , poor
OBS_35a49bfd  , 2023-03-26, IO02      ,  6.186806521108626 , 75.79773754780992, 50     ,                 26.93, 27.9              ,       35.649, 5.19                 ,  8.29, 0.254              ,          2.61,             0.134, Indian Ocean , questionable
OBS_42ca7907  , 2023-04-02, AS01      , 15.504296182191325 , 68.20207687687163, 50     ,                 31.16, 22.48             ,       35.78 , 7.31                 ,  8.49, 1.513              ,          2.76,             0.202, Arabian Sea  , 
OBS_8f7eca19  , 2023-04-02, AS02      , 12.809382838059761 , 71.49483955271782, 100    ,                 29.18, 18.01             ,       33.503, 8.1                  ,  8.09, 1.585              ,          2.17,                  , Arabian Sea  , fair
OBS_0631b662  , 02/04/2023, BOB01     , 13.00412570396644  , 80.28070315403686, 2000   ,                 28.74, 20.62             ,       34.279, 5.64                 ,  8.17, 0.332              ,          0.9 ,             0.02 , Bay of Bengal, fair
OBS_a7d0d579  , 2023-04-02, BOB02     , 16.510654803750654 , 82.09482711549899, 2000   ,                 26.87, 25.44             ,             , 7.76                 ,  8.18, 0.765              ,          1.42,             0.481, Bay of Bengal, fair
OBS_edaae007  , 2023-04-02, IO01      ,  8.507936579419804 , 73.18993884106916, -50    ,                 32.02, 29.46             ,       49.365, 5.4                  ,  8.54, 0.438              ,          0.62,             0.131, Indian Ocean , good
OBS_80115134  , 2023-04-02, IO02      ,  6.209843223984766 , 75.79786011155774, 500    ,                 25.87, N/A               ,       32.48 , 4.03                 ,  7.78, 2.396              ,          2.17,             0.028, Indian Ocean , 
OBS_bfdc394c  , 2023-04-09, AS01      , 15.494824663490919 , 68.19401075603442, 10     ,                 28.38, 24.26             ,       33.453, 6.89                 ,  8.15, 0.749              ,          1.91,             0.079, Arabian Sea  , fair
OBS_1deade13  , 2023-04-09, AS02      , 12.794477769557192 , 71.50632931817755, 1000   ,                 29.89, 20.11             ,       34.205, 5.9                  ,  7.99, 1.136              ,          0.45,             0.05 , Arabian Sea  , 
OBS_eb895190  , 2023-04-09, BOB01     , 13.005434991027894 , 80.31083609653905, 1000   ,                 29.01, 17.25             ,       36.657, 9.43                 ,  7.92, 1.757              ,          0.97,             0.594, Bay of Bengal, questionable
OBS_82bf81a3  , 2023-04-09, BOB02     , 16.494823887009638 , 82.10223787951638, 100    ,                 26.37, 22.44             ,       32.702, 3.94                 ,  8.37, 0.548              ,          0.57,             0.075, Bay of Bengal, questionable
OBS_bb8666c4  , 2023-04-09, IO01      ,  8.502400227376851 , 73.20305554320377, 10     ,                 28.46, 25.9              ,       37.832, 5.24                 ,  7.95, 0.907              ,          2.73,             0.093, Indian Ocean , good
OBS_9465555a  , 2023-04-09, IO02      ,  6.193508086750963 , 75.80480562107411, 1000   ,                 30.83, 23.45             ,       35.287, 7.49                 ,  8.25, 0.912              ,          2.43,                  , Indian Ocean , fair
OBS_f481feaa  , 2023-04-16, AS01      , 15.504004120292384 , 68.20817752695876, 10     ,                 27.57, 19.43             ,       33.973, 7.09                 ,  8.23, 0.567              ,              ,             0.002, Arabian Sea  , questionable
OBS_9b90b8bc  , 16/04/2023, AS02      , 12.80266580546695  , 71.49598620242668, 500    ,                 24.78, 22.18             ,       34.908, 7.56                 ,  7.69, 0.621              ,              ,             0.454, Arabian Sea  , questionable
OBS_c472cb52  , 2023-04-16, BOB01     , 13.001329696741468 , 80.29299879185061, 200    ,                 29.85, 22.25             ,       36.251, 3.61                 ,  8.15, 0.056              ,          1.8 ,             0.369, Bay of Bengal, fair
OBS_cc4db1c0  , 2023-04-16, BOB02     , 16.479647597593743 , 82.08299006448061, 10     ,                 31.49, 17.23             ,             , 5.19                 ,  8.21, 1.136              ,          1.2 ,             0.345, Bay of Bengal, fair
OBS_633dc3eb  , 2023-04-16, IO01      ,  8.502438007137712 , 73.19435921369264, 10     ,                 27.48, 18.16             ,       34.587, 7.37                 ,  8.4 , 0.2                ,              ,                  , Indian Ocean , 
OBS_c617ce95  , 2023-04-16, IO02      ,  6.208978885387603 , 75.79793432831569, 100    ,                 25.3 , 24.89             ,       35.58 , 6.02                 ,  8.65, 0.405              ,          0.51,             1.24 , Indian Ocean , fair
OBS_9a2369d9  , 2023-04-23, AS01      , 15.503427253463776 , 68.20456753219155, 500    ,                 26.72, 19.96             ,       34.889, 5.79                 ,  8.39, 0.513              ,          1.01,             0.062, Arabian Sea  , poor
OBS_06720860  , 2023-04-23, AS02      , 12.803749779383399 , 71.49242600483102, 10     ,                 29.92, 23.53             ,       35.571, 8.59                 ,  8.16, 1.274              ,          2.21,             0.037, Arabian Sea  , questionable
OBS_2f312d10  , 23/04/2023, BOB01     , 12.99547693680751  , 80.2757612067337 , 100    ,                 25.1 , 21.09             ,       33.911, 6.17                 ,  7.62, 1.278              ,          2.01,             0.182, Bay of Bengal, questionable
OBS_fc1da4f3  , 2023-04-23, BOB02     , 16.499963974609095 , 82.08841635310807, 1000   ,                 24.54, 24.53             ,       35.743, 6.97                 ,  7.81, NULL               ,          1.28,             1.295, Bay of Bengal, 
OBS_973ae73b  , 2023-04-23, IO01      ,  8.498209880328826 , 73.1926812291437 , 500    ,                 32.26, 24.91             ,       34.535, 6.25                 ,  8.16, 0.074              ,          0.14,             0.01 , Indian Ocean , good
OBS_b31b519c  , 2023-04-23, IO02      ,  6.2181198012413486, 75.80357925728691, 500    ,                 28.99, 18.7              ,       35.987, 7.32                 ,  7.95, NULL               ,          0.92,             0.304, Indian Ocean , poor
OBS_504edba6  , 2023-04-30, AS01      , 15.501975996046925 , 68.21735963803165, 200    ,                 29.48, 24.28             ,       34.105, -999.0               ,  8.43, 1.349              ,          3.21,             0.309, Arabian Sea  , 
OBS_1dfdaa8f  , 2023-04-30, AS02      , 12.794707017624539 , 71.52965010351721, 10     ,                 28.99, 20.02             ,       34.219, 5.62                 ,  8.23, 2.979              ,          0.53,             0.323, Arabian Sea  , poor
OBS_44501543  , 2023-04-30, BOB01     , 12.983314159261225 , 80.295168135377  , 100    ,                 28.26, 19.11             ,       35.704, 4.17                 ,  8.27, 0.912              ,          1.08,             0.39 , Bay of Bengal, poor
OBS_07374c6b  , 2023-04-30, BOB02     , 16.517808292129665 , 82.08367047719457, 500    ,                 32.43, 18.18             ,       33.043, 6.6                  ,  8.41, 0.462              ,          1.23,             0.693, Bay of Bengal, 
OBS_cc08d8b7  , 2023-04-30, IO01      ,  8.503958035334374 , 73.19449694846155, 1000   ,                 27.07, 24.66             ,       35.015, 7.16                 ,  7.72, 0.799              ,          0.79,             0.719, Indian Ocean , 
OBS_c93cfdf6  , 2023-04-30, IO02      ,  6.202351998288547 , 75.80374280055577, 500    ,                 26.82, 22.02             ,       36.207, 7.18                 ,  7.99, 0.471              ,          0.1 ,             0.054, Indian Ocean , poor
OBS_8f6a9cb5  , 2023-05-07, AS01      , 15.4844410134951   , 68.19727604029501, 100    ,                 28.28, 24.68             ,       33.305, 8.19                 ,  7.89, 0.112              ,              ,             1.05 , Arabian Sea  , 
OBS_e340dfbb  , 2023-05-07, AS02      , 12.796783649487827 , 71.52076747983561, 200    ,                 23.26, 22.91             ,       34.489, 8.42                 ,  8.29, 0.981              ,          0.35,             0.055, Arabian Sea  , questionable
OBS_15134ebf  , 07/05/2023, BOB01     , 12.998690840272303 , 80.28965045135467, 2000   ,                 29.45, 23.48             ,       36.036, 6.63                 ,  8.02, 0.251              ,          1.14,             0.227, Bay of Bengal, questionable
OBS_f1e5864b  , 2023-05-07, BOB02     , 16.50346488475898  , 82.1208837470478 , 1000   ,                 28.03, 23.53             ,       34.093, -999.0               ,  8.1 , 0.128              ,          2.52,             0.217, Bay of Bengal, poor
OBS_29d742e8  , 2023-05-07, IO01      ,  8.49349286462655  , 73.20547215938058, 1000   ,                 28.15, 25.65             ,       33.552, 7.3                  ,  7.78, 2.803              ,          1.64,             0.608, Indian Ocean , fair
OBS_2bb84425  , 2023-05-07, IO02      ,  6.21105525932958  , 75.8118703030556 , 500    ,                 26.21, N/A               ,       34.763, 9.81                 ,  8.39, 0.676              ,          1.68,             0.802, Indian Ocean , 
OBS_1e48294e  , 2023-05-14, AS01      , 15.49935861653407  , 68.20328762410304, 1000   ,                      , 24.14             ,       33.428, 9.14                 ,  7.76, 0.09               ,              ,             0.322, Arabian Sea  , poor
OBS_a3e83c61  , 2023-05-14, AS02      , 12.807214662737852 , 71.50635396932215, 50     ,                 29.3 , 23.45             ,       36.736, 7.02                 ,  8.03, 0.317              ,          2.6 ,             0.495, Arabian Sea  , questionable
OBS_6fe402ef  , 2023-05-14, BOB01     , 12.985599491174057 , 80.29008607650543, 10     ,                      , 26.23             ,       34.486, 6.42                 ,  7.79, 0.005              ,          0.49,             0.357, Bay of Bengal, poor
OBS_5da4d942  , 2023-05-14, BOB02     , 16.500591421222722 , 82.11126117026015, 100    ,                 23.12, N/A               ,       34.033, 3.82                 ,  8.59, 0.773              ,          2.67,             0.143, Bay of Bengal, questionable
OBS_0c8e6608  , 2023-05-14, IO01      ,  8.505947543416653 , 73.2085341555878 , 10     ,                 27.36, 22.04             ,       33.412, 3.44                 ,  8.53, 0.61               ,          0.2 ,             0.434, Indian Ocean , poor
OBS_051acf7a  , 2023-05-14, IO02      ,  6.2097090073193435, 75.7938255338754 , 1000   ,                 30.4 , 23.0              ,       34.925, 6.09                 ,  7.87, 0.532              ,          1.06,             0.101, Indian Ocean , good
OBS_5585655a  , 2023-05-21, AS01      , 15.50105375506146  , 68.18665974505082, 50     ,                 23.72, 23.37             ,       36.617, 7.59                 ,  7.92, 0.104              ,          0.27,             0.343, Arabian Sea  , poor
OBS_3425876c  , 2023-05-21, AS02      , 12.804719613332466 , 71.50139215408645, 100    ,                 27.0 , 23.12             ,       32.888, 6.99                 ,  8.09, 1.312              ,          1.99,             0.013, Arabian Sea  , fair
OBS_a4e0c31e  , 2023-05-21, BOB01     , 13.01749576743187  , 80.28756136764608, 500    ,                 31.52, N/A               ,       35.261, 5.69                 ,  8.22, 0.191              ,          0.35,             0.691, Bay of Bengal, questionable
OBS_b93f02f8  , 21/05/2023, BOB02     , 16.492179823630924 , 82.10524362747252, 1000   ,                 26.77, 19.8              ,       35.874, 5.67                 ,  8.47, 0.881              ,          1.6 ,             0.265, Bay of Bengal, 
OBS_7e4e9a9c  , 2023-05-21, IO01      ,  8.48630197020421  , 73.1919632543203 , 2000   ,                 26.66, 20.97             ,       35.344, 8.4                  ,  8.59, 0.633              ,          0.84,             0.206, Indian Ocean , good
OBS_f06e5d5d  , 2023-05-21, IO02      ,  6.192887013752395 , 75.79240959552791, 200    ,                 32.6 , 27.47             ,       34.136, 7.22                 ,  8.59, 0.256              ,          0.49,             0.022, Indian Ocean , 
OBS_6f587b61  , 2023-05-28, AS01      , 15.503740565698475 , 68.21672572386838, 50     ,                 28.58, 20.11             ,       35.642, 8.06                 ,  8.13, 0.842              ,          0.15,             0.332, Arabian Sea  , 
OBS_fa887c18  , 2023-05-28, AS02      , 12.790850409322173 , 71.50081276842766, 100    ,                 29.55, N/A               ,       33.954, 6.1                  ,  8.27, 0.154              ,          1.41,             0.067, Arabian Sea  , 
OBS_b774e7ef  , 2023-05-28, BOB01     , 13.007800781797165 , 80.29250820759371, 500    ,                 32.46, 21.12             ,       36.377, 4.01                 ,  7.94, 0.132              ,          1.41,             0.221, Bay of Bengal, good
OBS_fc4fa54d  , 2023-05-28, BOB02     , 16.49214010539492  , 82.08668767046441, 200    ,                 29.06, N/A               ,       34.167, 6.85                 ,  8.25, 0.987              ,          2.03,             0.108, Bay of Bengal, poor
OBS_e3fb2276  , 2023-05-28, IO01      ,  8.496151581180529 , 73.20463972282924, 500    ,                 23.91, 23.73             ,       33.476, 2.32                 ,  8.22, 2.015              ,          5.92,             1.454, Indian Ocean , poor
OBS_b4f3a203  , 28/05/2023, IO02      ,  6.200281811573691 , 75.79990881003356, 50     ,                 27.4 , 25.83             ,       35.482, 7.28                 ,  7.95, 0.413              ,          1.1 ,             0.356, Indian Ocean , questionable
OBS_1a54a4b2  , 2023-06-04, AS01      , 15.496282870967072 , 68.19007686733964, 500    ,                 31.21, 23.62             ,       34.77 , 7.67                 ,  8.52, 0.154              ,          2.0 ,             0.153, Arabian Sea  , questionable
OBS_63aa1723  , 2023-06-04, AS02      , 12.798559124442784 , 71.51530750832343, 1000   ,                      , 23.72             ,       34.865, 2.96                 ,  7.91, 0.564              ,          0.58,             0.073, Arabian Sea  , good
OBS_35b078b8  , 2023-06-04, BOB01     , 12.995890688437008 , 80.3030244971436 , 500    ,                 31.55, 21.42             ,       36.589, 6.47                 ,  8.0 , 3.292              ,          0.83,             0.108, Bay of Bengal, questionable
OBS_1dd872bd  , 2023-06-04, BOB02     , 16.509343199112394 , 82.08633121301584, 100    ,                 26.93, 22.15             ,       33.926, 3.44                 ,  8.37, 0.782              ,          0.05,             0.653, Bay of Bengal, 
OBS_a9d3118f  , 2023-06-04, IO01      ,  8.496084351936702 , 73.1998480687123 , 500    ,                 27.94, N/A               ,       33.396, 2.96                 ,  8.26, 1.173              ,          2.28,             0.161, Indian Ocean , 
OBS_4d8997da  , 2023-06-04, IO02      ,  6.199726954604901 , 75.79066732040927, 1000   ,                 30.66, 19.55             ,       34.931, 4.19                 ,  7.8 , 0.635              ,          1.3 ,             0.558, Indian Ocean , poor
OBS_aa50cf6b  , 2023-06-11, AS01      , 15.511423264545384 , 68.1887917763448 , 1000   ,                 27.39, 19.27             ,       34.592, 9.28                 ,  7.69, 0.492              ,          0.26,             0.668, Arabian Sea  , 
OBS_6373d066  , 2023-06-11, AS02      , 12.793595065652308 , 71.50168395192475, 100    ,                 24.5 , 20.8              ,       34.694, 7.86                 ,  8.52, 1.804              ,          3.02,                  , Arabian Sea  , fair
OBS_d58d0e5b  , 2023-06-11, BOB01     , 12.986528737104702 , 80.29028385961489, 1000   ,                 25.52, 22.3              ,       34.906, 9.3                  ,  8.03, 0.071              ,          1.43,             0.022, Bay of Bengal, fair
OBS_d62d42a4  , 2023-06-11, BOB02     , 16.506071311007837 , 82.11311158886318, 50     ,                 31.5 , 20.0              ,       33.544, 7.17                 ,  8.46, 0.246              ,          2.22,             0.026, Bay of Bengal, poor
OBS_6ce04aa2  , 2023-06-11, IO01      ,  8.493564817696198 , 73.20927840128081, 500    ,                 25.37, 20.49             ,       35.137, 4.53                 ,  8.29, 0.605              ,          3.04,             1.037, Indian Ocean , questionable
OBS_cf241d5d  , 2023-06-11, IO02      ,  6.194052237454444 , 75.78718702326523, 200    ,                 28.64, 22.96             ,       36.634, 7.11                 ,  8.26, 0.11               ,          2.78,             0.79 , Indian Ocean , poor
OBS_f9d9b545  , 2023-06-18, AS01      , 15.508604734883598 , 68.19416922561432, 10     ,                 24.16, 15.87             ,       35.495, 6.47                 ,  7.95, 0.176              ,          1.02,             0.311, Arabian Sea  , questionable
OBS_eab9a2b1  , 2023-06-18, AS02      , 12.807344490334877 , 71.50326274670847, 200    ,                 28.08, 23.0              ,             , 5.75                 ,  8.58, 1.476              ,          2.48,             0.059, Arabian Sea  , poor
OBS_e673e4fa  , 2023-06-18, BOB01     , 13.000212715767361 , 80.30240753179488, 50     ,                 28.58, 21.8              ,       34.697, 7.66                 ,  8.27, 0.192              ,          3.06,             0.234, Bay of Bengal, good
OBS_a4908d31  , 2023-06-18, BOB02     , 16.49861544016016  , 82.0877570176371 , 10     ,                 35.0 , 23.91             ,       32.687, 7.56                 ,  8.21, 0.809              ,              ,             0.43 , Bay of Bengal, questionable
OBS_28ef320e  , 2023-06-18, IO01      ,  8.502779830647427 , 73.21454810644993, 200    ,                 27.98, 19.38             ,       34.103, 7.26                 ,  8.6 , 0.766              ,          1.78,             0.132, Indian Ocean , good
OBS_770a5423  , 18/06/2023, IO02      ,  6.214571957599563 , 75.81166548590977, 10     ,                 24.88, 18.56             ,       34.255, 4.72                 ,  7.85, 1.024              ,          0.24,             0.357, Indian Ocean , fair
OBS_6d050cb7  , 2023-06-25, AS01      , 15.520615035766363 , 68.21208366230593, 0      ,                 27.07, 22.68             ,             , 4.7                  ,  8.76, 0.054              ,          1.05,             0.247, Arabian Sea  , fair
OBS_0b5fdca9  , 2023-06-25, AS02      , 12.809478258028372 , 71.50682034450044, 100    ,                 31.06, 24.0              ,       35.734, 5.21                 ,  7.85, 0.048              ,          1.33,             0.461, Arabian Sea  , fair
OBS_b9ecdf39  , 2023-06-25, BOB01     , 12.989758131756709 , 80.31854092566334, 2000   ,                 21.57, 24.66             ,       34.282, 4.61                 ,  7.85, 0.199              ,          1.2 ,             0.399, Bay of Bengal, good
OBS_853e4a14  , 2023-06-25, BOB02     , 16.48589175501912  , 82.08825529473232, 50     ,                 31.55, 23.96             ,       34.528, 4.47                 ,  7.99, 0.679              ,          2.8 ,             0.061, Bay of Bengal, good
OBS_1e1d3994  , 2023-06-25, IO01      ,  8.488300831642897 , 73.17127737786718, 500    ,                 27.18, 24.57             ,       32.525, 6.51                 ,  8.41, 1.476              ,          1.14,             0.487, Indian Ocean , good
OBS_b095b116  , 2023-06-25, IO02      ,  6.189021376416508 , 75.80353482905949, 10     ,                 28.43, 27.77             ,       36.794, -999.0               ,  7.96, 1.16               ,          1.73,             0.418, Indian Ocean , poor
OBS_f9b8a4a4  , 2023-07-02, AS01      , 15.491968210493196 , 68.19978632705651, 200    ,                 28.8 , 18.98             ,       33.729, 6.84                 ,  8.03, 0.23               ,          2.52,             0.45 , Arabian Sea  , 
OBS_80533f1c  , 2023-07-02, AS02      , 12.800873310579155 , 71.49890450708531, 100    ,                 26.63, 14.34             ,       35.861, 7.53                 ,  8.02, 0.018              ,          1.61,             0.829, Arabian Sea  , questionable
OBS_3aa23485  , 2023-07-02, BOB01     , 12.999643585177026 , 80.29265408423201, 200    ,                 26.99, 24.93             ,       33.697, 4.2                  ,  8.27, 0.667              ,          1.88,             0.129, Bay of Bengal, good
OBS_cef1b104  , 2023-07-02, BOB02     , 16.50061679849848  , 82.10176441555276, 500    ,                 26.47, N/A               ,       35.041, 8.27                 ,  7.8 , 1.574              ,              ,             0.385, Bay of Bengal, good
OBS_13b16b2c  , 2023-07-02, IO01      ,  8.520100092893    , 73.19289239896452, 50     ,                 27.58, 19.45             ,       34.903, 4.27                 ,  7.22, 0.145              ,          0.92,             0.316, Indian Ocean , questionable
OBS_9a4e1d73  , 2023-07-02, IO02      ,  6.19517256477818  , 75.79046671391741, 1000   ,                 28.68, N/A               ,       36.477, 6.3                  ,  7.91, 1.234              ,          1.27,             0.09 , Indian Ocean , poor
OBS_e2781f56  , 2023-07-09, AS01      , 15.4993895657453   , 68.19264141550677, 200    ,                 28.81, 27.3              ,       35.188, 5.75                 ,  8.01, 3.359              ,          0.28,             0.008, Arabian Sea  , questionable
OBS_12c4578f  , 2023-07-09, AS02      , 12.801132704105378 , 71.48561722021682, 50     ,                 28.71, 24.92             ,       33.632, 6.19                 ,  8.41, 0.383              ,          1.93,             1.001, Arabian Sea  , 
OBS_7c35e352  , 2023-07-09, BOB01     , 13.009825734636278 , 80.30656360869828, 10     ,                 30.8 , 19.96             ,       37.048, 8.14                 ,  7.97, 1.973              ,          3.14,             0.052, Bay of Bengal, good
OBS_c1f138fd  , 2023-07-09, BOB02     , 16.52062524919243  , 82.08932467085745, 200    ,                 30.58, 20.73             ,       34.481, 7.07                 ,  7.94, 1.795              ,          0.87,             0.049, Bay of Bengal, poor
OBS_8312c4f6  , 2023-07-09, IO01      ,  8.500327244915407 , 73.19733085287986, 10     ,                 28.56, 26.62             ,       34.704, 7.01                 ,  7.78, 1.709              ,          1.83,             0.053, Indian Ocean , fair
OBS_aa0e1b56  , 2023-07-09, IO02      ,  6.21317597535608  , 75.8131711506734 , 500    ,                      , 27.84             ,       35.069, 4.75                 ,  8.28, 1.563              ,          1.51,             0.113, Indian Ocean , poor
OBS_60766113  , 2023-07-16, AS01      , 15.491601191034892 , 68.194347152236  , 50     ,                 28.2 , 15.31             ,       34.071, 8.53                 ,  8.09, 0.327              ,          1.98,             0.032, Arabian Sea  , good
OBS_321f00ce  , 2023-07-16, AS02      , 12.812570599566891 , 71.49896976798603, 50     ,                 27.47, 19.98             ,       32.364, -999.0               ,  4.24, 0.776              ,              ,             0.13 , Arabian Sea  , 
OBS_6b46b770  , 16/07/2023, BOB01     , 12.992099336748646 , 80.29597933255484, 500    ,                 31.56, 22.22             ,       34.963, -999.0               ,  8.21, 0.315              ,              ,             0.348, Bay of Bengal, questionable
OBS_fa9d0205  , 2023-07-16, BOB02     , 16.493222550294753 , 82.10513907849658, 200    ,                 29.81, 20.47             ,       35.733, 8.68                 ,  8.4 , 0.575              ,          0.54,             0.109, Bay of Bengal, questionable
OBS_9e3f2dae  , 2023-07-16, IO01      ,  8.506503817887213 , 73.18295121445868, 200    ,                 28.95, 23.22             ,       35.387, 7.34                 ,  8.43, 0.241              ,          1.64,             0.035, Indian Ocean , good
OBS_e8ca062e  , 2023-07-16, IO02      ,  6.199094667176959 , 75.80709451817138, 50     ,                 22.81, 22.55             ,       36.121, 6.66                 ,  8.08, 0.094              ,          0.85,             0.751, Indian Ocean , 
OBS_de6528a5  , 2023-07-23, AS01      , 15.490645612979554 , 68.21085982116175, 50     ,                 27.41, N/A               ,       35.416, 5.73                 ,  8.32, NULL               ,          2.08,             0.988, Arabian Sea  , questionable
OBS_8d55cbb4  , 2023-07-23, AS02      , 12.783936229943908 , 71.50779234034313, 2000   ,                 27.16, 24.69             ,       35.241, 9.51                 ,  8.03, 0.01               ,          1.0 ,             0.108, Arabian Sea  , 
OBS_4585fcc5  , 2023-07-23, BOB01     , 13.000700521631131 , 80.31161878302608, 100    ,                 31.13, 19.34             ,       35.314, 7.82                 ,  8.37, 0.164              ,          1.57,             0.082, Bay of Bengal, questionable
OBS_dbf501a4  , 2023-07-23, BOB02     , 16.51474056052488  , 82.09647986925145, 1000   ,                 26.18, 22.86             ,       35.97 , 7.1                  ,  8.16, 0.583              ,          2.66,             0.114, Bay of Bengal, questionable
OBS_8276ceb5  , 2023-07-23, IO01      ,  8.4975393751187   , 73.19156753404684, 50     ,                 30.71, 22.84             ,       37.326, 4.2                  ,  5.77, 0.97               ,          4.08,             0.215, Indian Ocean , 
OBS_d24556cc  , 2023-07-23, IO02      ,  6.201070423820787 , 75.79560411288968, 10     ,                 33.93, N/A               ,       34.589, 6.42                 ,  8.27, 1.089              ,          5.37,             0.088, Indian Ocean , fair
OBS_a6c08f4a  , 2023-07-30, AS01      , 15.485424485005352 , 68.19690790922951, 200    ,                 22.98, 21.4              ,       32.319, 7.01                 ,  7.73, 0.264              ,          1.42,             0.002, Arabian Sea  , fair
OBS_96fa0190  , 2023-07-30, AS02      , 12.798056684545797 , 71.50103544138639, 200    ,                 26.62, 23.12             ,       36.409, 2.82                 ,  6.56, 2.148              ,          0.68,             0.036, Arabian Sea  , 
OBS_394fe87f  , 2023-07-30, BOB01     , 12.984158640569945 , 80.28418809297968, 200    ,                 23.09, 22.04             ,       36.091, 5.48                 ,  7.9 , 0.401              ,          0.2 ,             0.376, Bay of Bengal, poor
OBS_5f81ad85  , 2023-07-30, BOB02     , 16.477908483809113 , 82.11521398497831, 1000   ,                 30.74, 20.55             ,       34.976, 9.1                  ,  8.37, 0.097              ,          0.65,             0.039, Bay of Bengal, questionable
OBS_4411cf8c  , 2023-07-30, IO01      ,  8.500188496229448 , 73.20953136633914, 50     ,                 27.27, 23.74             ,       34.598, 8.41                 ,  8.45, 0.359              ,          1.23,             0.734, Indian Ocean , good
OBS_2eabf765  , 2023-07-30, IO02      ,  6.198714624885611 , 75.78118150954502, 1000   ,                 29.22, 20.14             ,       35.234, 4.14                 ,  8.13, 0.009              ,              ,             0.164, Indian Ocean , good
OBS_80170647  , 2023-08-06, AS01      , 15.51840217134842  , 68.19254526507939, 100    ,                 27.13, 22.4              ,       34.992, 4.35                 ,  8.48, 0.845              ,          0.62,             0.354, Arabian Sea  , good
OBS_0e34524c  , 2023-08-06, AS02      , 12.807934887205523 , 71.48251468026761, 1000   ,                 26.14, 18.6              ,       34.481, 8.78                 ,  8.26, 1.559              ,          1.9 ,             0.169, Arabian Sea  , good
OBS_b306b5cc  , 2023-08-06, BOB01     , 12.990355957453882 , 80.29569843364408, 500    ,                 31.76, 16.78             ,       36.039, 8.23                 ,  7.77, 0.45               ,          0.95,             0.662, Bay of Bengal, questionable
OBS_3e1073d3  , 2023-08-06, BOB02     , 16.4876565112812   , 82.09407535740847, 1000   ,                 28.62, 21.58             ,       33.105, 8.38                 ,  8.05, 0.298              ,          0.72,             0.279, Bay of Bengal, fair
OBS_8ee75491  , 2023-08-06, IO01      ,  8.489018545219691 , 73.19638188660768, 50     ,                 28.43, 23.0              ,       33.828, 6.96                 ,  7.96, 0.563              ,          1.32,             0.145, Indian Ocean , good
OBS_8477bc44  , 2023-08-06, IO02      ,  6.198926978559958 , 75.8044771692581 , 200    ,                 23.99, 20.96             ,       34.688, 6.61                 ,  8.17, 1.402              ,          2.5 ,             0.102, Indian Ocean , questionable
OBS_14c80869  , 2023-08-13, AS01      , 15.489365979934291 , 68.19126590365913, 1000   ,                 24.57, 18.49             ,       33.367, 6.46                 ,  8.62, 1.148              ,          5.22,             0.174, Arabian Sea  , 
OBS_37a2fb11  , 2023-08-13, AS02      , 12.774697124772537 , 71.4971399577812 , 200    ,                 25.35, 19.33             ,       34.873, 7.09                 ,  8.39, 0.12               ,          0.2 ,             0.295, Arabian Sea  , 
OBS_4a9255bb  , 2023-08-13, BOB01     , 13.002658862980594 , 80.31769116700264, 100    ,                 31.25, 28.37             ,       33.325, 7.09                 ,  7.96, 0.516              ,          1.23,             0.078, Bay of Bengal, fair
OBS_dbd75a81  , 2023-08-13, BOB02     , 16.48226967531793  , 82.11261921500713, 10     ,                 27.6 , 23.0              ,       34.001, 7.77                 ,  8.06, 3.17               ,          0.45,             0.598, Bay of Bengal, good
OBS_808c9ae2  , 2023-08-13, IO01      ,  8.502855540748577 , 73.20555604466004, 2000   ,                 26.24, 20.01             ,       34.085, 8.67                 ,  7.46, 0.689              ,          1.28,             0.434, Indian Ocean , 
OBS_c86a2bdd  , 2023-08-13, IO02      ,  6.198647456746063 , 75.81003566560183, 10     ,                 28.72, N/A               ,       34.563, 5.93                 ,  8.04, 1.502              ,          2.88,             0.019, Indian Ocean , good
OBS_d579d1e6  , 2023-08-20, AS01      , 15.4937328277541   , 68.20862393472383, 50     ,                 34.33, 22.72             ,       37.148, 5.77                 ,  8.39, 0.115              ,          2.82,             0.133, Arabian Sea  , fair
OBS_2e1dd2c2  , 2023-08-20, AS02      , 12.805845032161194 , 71.50449655906625, 500    ,                 30.88, 23.74             ,       35.67 , 7.13                 ,  7.91, 1.12               ,          1.83,             0.322, Arabian Sea  , good
OBS_060a1241  , 2023-08-20, BOB01     , 12.981063853330463 , 80.30213293707372, 100    ,                 26.58, 22.78             ,       33.816, 6.16                 ,  7.61, 0.055              ,          0.26,             0.035, Bay of Bengal, questionable
OBS_63a26054  , 2023-08-20, BOB02     , 16.498450753981636 , 82.10700736285132, 100    ,                 28.5 , 19.49             ,       35.591, 7.89                 ,  7.62, 0.212              ,          0.69,             0.488, Bay of Bengal, questionable
OBS_ea6e7bee  , 2023-08-20, IO01      ,  8.502773769379582 , 73.1698048784418 , 100    ,                 27.8 , 24.13             ,             , 3.43                 ,  8.06, 0.818              ,          1.4 ,             0.313, Indian Ocean , questionable
OBS_b2802803  , 2023-08-20, IO02      ,  6.2055944907599505, 75.78844374518332, 100    ,                 28.96, 27.86             ,       36.287, 6.58                 ,  7.95, 0.222              ,          2.41,             0.241, Indian Ocean , good
OBS_8439b664  , 2023-08-27, AS01      , 15.490525078650263 , 68.19373809967779, 1000   ,                 28.66, 19.74             ,       35.868, 2.9                  ,  8.09, NULL               ,          1.71,             0.414, Arabian Sea  , poor
OBS_6fa1fc7c  , 2023-08-27, AS02      , 12.791807421402785 , 71.50262561329002, 100    ,                 28.54, 25.16             ,       33.561, 4.65                 ,  8.44, 0.086              ,          0.37,             0.113, Arabian Sea  , questionable
OBS_d7bdf910  , 2023-08-27, BOB01     , 12.975611828417236 , 80.29865720837813, 1000   ,                 28.98, 24.82             ,             , 5.95                 ,  8.22, 0.075              ,          1.23,                  , Bay of Bengal, questionable
OBS_9c101257  , 2023-08-27, BOB02     , 16.495618901757563 , 82.10139776969766, 2000   ,                 32.06, 25.06             ,       35.958, 8.43                 ,  8.13, 0.283              ,          1.55,             0.457, Bay of Bengal, fair
OBS_a4770aff  , 27/08/2023, IO01      ,  8.49546751590977  , 73.2145246753447 , 200    ,                 29.52, 21.7              ,       31.401, 6.23                 ,  7.67, 0.368              ,          1.13,             0.016, Indian Ocean , good
OBS_43196460  , 2023-08-27, IO02      ,  6.192579938643424 , 75.79582036496161, 500    ,                 29.32, 23.06             ,       35.547, 4.15                 ,  8.41, 0.194              ,          1.26,             0.281, Indian Ocean , good
OBS_21506d58  , 2023-09-03, AS01      , 15.492385924567152 , 68.19121517163452, 50     ,                 31.69, 24.69             ,       36.09 , 3.74                 ,  8.56, 0.178              ,              ,             0.663, Arabian Sea  , questionable
OBS_e4003be3  , 2023-09-03, AS02      , 12.774376663412047 , 71.498089722374  , 1000   ,                 24.97, N/A               ,       17.707, 6.41                 ,  7.64, 0.016              ,          0.47,             0.16 , Arabian Sea  , good
OBS_b61d14a8  , 2023-09-03, BOB01     , 13.010536123992436 , 80.2927653719113 , 200    ,                      , N/A               ,       37.695, 7.61                 ,  8.09, 2.648              ,          1.08,             0.34 , Bay of Bengal, 
OBS_85b7aec3  , 2023-09-03, BOB02     , 16.501647608412366 , 82.10050887701856, 2000   ,                 28.8 , 27.05             ,       34.515, 6.55                 ,  8.39, 0.584              ,          0.7 ,             0.139, Bay of Bengal, good
OBS_c1c28ba6  , 2023-09-03, IO01      ,  8.516714828911821 , 73.1989244086814 , 1000   ,                 28.93, 22.88             ,       34.532, 8.88                 ,  7.62, 0.054              ,          0.65,             0.085, Indian Ocean , good
OBS_aa420596  , 2023-09-03, IO02      ,  6.196248036196761 , 75.79682284903244, 100    ,                      , 19.88             ,             , 6.13                 ,  8.26, 0.063              ,          1.39,             0.077, Indian Ocean , poor
OBS_36539ada  , 2023-09-10, AS01      , 15.506385178605944 , 68.19763231397036, 200    ,                 31.7 , 23.88             ,       33.466, 6.64                 ,  8.25, 0.393              ,          2.89,             0.09 , Arabian Sea  , questionable
OBS_fb7ec26d  , 2023-09-10, AS02      , 12.800038030761232 , 71.48373680646039, 2000   ,                 27.84, 16.23             ,       35.196, 7.32                 ,  7.77, 2.535              ,          1.18,                  , Arabian Sea  , questionable
OBS_b2b479be  , 2023-09-10, BOB01     , 13.015334337012963 , 80.2857604284755 , 50     ,                 27.18, 22.82             ,       35.81 , -999.0               ,  7.91, 0.492              ,          0.11,             0.054, Bay of Bengal, poor
OBS_a1aff091  , 2023-09-10, BOB02     , 16.50462172666082  , 82.1018970616761 , 200    ,                 27.83, 20.73             ,       35.506, -999.0               ,  7.62, 0.46               ,              ,             0.27 , Bay of Bengal, poor
OBS_deda1ba7  , 2023-09-10, IO01      ,  8.513924721629426 , 73.21175283107824, 500    ,                 26.85, 23.46             ,             , 6.23                 ,  7.91, 0.518              ,          1.9 ,             0.085, Indian Ocean , fair
OBS_972cfc62  , 10/09/2023, IO02      ,  6.208823330623234 , 75.79547909667167, 10     ,                 29.08, 18.25             ,       34.792, 9.01                 ,  8.29, 0.208              ,          1.13,             0.075, Indian Ocean , questionable
OBS_caf79db9  , 2023-09-17, AS01      , 15.486558855296368 , 68.18396739533185, 10     ,                 27.32, 22.95             ,       34.276, 6.08                 ,  8.73, 0.101              ,          1.09,             0.152, Arabian Sea  , 
OBS_8bd015eb  , 2023-09-17, AS02      , 12.787888280707193 , 71.50730764119066, 10     ,                 29.12, 22.58             ,       34.921, 7.26                 ,  8.46, 0.231              ,          0.81,             0.133, Arabian Sea  , fair
OBS_da2b1749  , 2023-09-17, BOB01     , 12.991948907601136 , 80.30957882228176, 50     ,                 28.54, 19.05             ,       34.312, 7.44                 ,  8.13, 0.459              ,          2.03,             0.218, Bay of Bengal, fair
OBS_1798e08a  , 2023-09-17, BOB02     , 16.48973780361255  , 82.10011141563048, 10     ,                 30.45, 21.17             ,       36.493, 5.47                 ,  7.99, 0.183              ,          0.84,             0.07 , Bay of Bengal, 
OBS_86c9cdc7  , 2023-09-17, IO01      ,  8.482214124159935 , 73.20319651825919, 50     ,                      , 24.37             ,       36.319, 5.54                 ,  7.96, 0.946              ,          2.59,             0.319, Indian Ocean , questionable
OBS_80c259b2  , 2023-09-17, IO02      ,  6.189700653290942 , 75.79250968529044, 50     ,                 27.24, 21.84             ,       35.217, 5.32                 ,  7.9 , 2.892              ,          1.37,             0.109, Indian Ocean , good
OBS_fadfb43b  , 2023-09-24, AS01      , 15.507833905092825 , 68.19748461113956, 2000   ,                 31.54, 24.73             ,       34.498, 8.24                 ,  7.78, 0.998              ,          0.44,             0.06 , Arabian Sea  , questionable
OBS_64d3db1e  , 2023-09-24, AS02      , 12.805684802252747 , 71.5010530932088 , 100    ,                 27.01, 26.65             ,       36.887, 7.96                 ,  8.13, 0.988              ,          0.66,             0.455, Arabian Sea  , good
OBS_9fac2ea7  , 2023-09-24, BOB01     , 13.005345056484806 , 80.30887655425873, 1000   ,                 24.53, 24.64             ,       35.964, 7.65                 ,  8.11, 0.569              ,          0.57,             0.811, Bay of Bengal, 
OBS_21d337d1  , 2023-09-24, BOB02     , 16.487008833556988 , 82.08777788191327, 50     ,                 27.7 , 27.84             ,       35.076, 7.1                  ,  8.3 , 0.256              ,          1.82,             0.065, Bay of Bengal, good
OBS_967b4fad  , 2023-09-24, IO01      ,  8.497060330523357 , 73.19928400748142, 1000   ,                 31.15, 25.1              ,       35.56 , 6.36                 ,  7.38, 0.142              ,          1.26,             0.398, Indian Ocean , good
OBS_4a7a6e7d  , 2023-09-24, IO02      ,  6.197620564526529 , 75.80269024068137, 100    ,                 24.71, 20.96             ,       35.868, 7.24                 ,  8.25, 0.042              ,          1.39,             0.38 , Indian Ocean , 
OBS_4e399057  , 01/10/2023, AS01      , 15.491372242359569 , 68.21059936384047, 100    ,                      , 22.88             ,       36.464, 4.41                 ,  8.02, 1.604              ,          0.9 ,             0.615, Arabian Sea  , good
OBS_95ddfe39  , 2023-10-01, AS02      , 12.793602354725559 , 71.51249780701404, 10     ,                 30.04, 24.29             ,       48.161, 8.38                 ,  8.18, 1.892              ,          1.41,             0.11 , Arabian Sea  , fair
OBS_9927394f  , 2023-10-01, BOB01     , 12.98292642042407  , 80.29844101822063, 50     ,                 24.71, 26.0              ,       33.758, 4.97                 ,  8.05, 1.225              ,          0.85,             0.121, Bay of Bengal, questionable
OBS_2a725653  , 2023-10-01, BOB02     , 16.49505219054233  , 82.09492924384476, 500    ,                 27.13, 22.61             ,       35.402, 8.21                 ,  8.53, 0.178              ,          3.6 ,             0.098, Bay of Bengal, poor
OBS_81108014  , 2023-10-01, IO01      ,  8.48891742538184  , 73.18338756837294, 2000   ,                 24.33, 17.85             ,       34.893, 8.92                 ,  7.92, 0.975              ,              ,             0.165, Indian Ocean , 
OBS_27ca464c  , 2023-10-01, IO02      ,  6.194533199154128 , 75.79728344889674, 1000   ,                 26.43, 19.98             ,       32.703, 5.97                 ,  8.38, 2.767              ,          0.4 ,             0.024, Indian Ocean , questionable
OBS_054159a1  , 2023-10-08, AS01      , 15.510136757405439 , 68.20655601427549, 50     ,                      , 27.46             ,       36.409, 3.86                 ,  8.35, 0.012              ,          2.98,             0.113, Arabian Sea  , questionable
OBS_36d7cb2d  , 2023-10-08, AS02      , 12.799565230501862 , 71.50572057441714, 10     ,                 24.66, 21.41             ,       35.132, 9.2                  ,  8.32, 0.912              ,          1.11,             0.088, Arabian Sea  , good
OBS_6843b0fe  , 2023-10-08, BOB01     , 12.998590720857225 , 80.28394534910281, 200    ,                 28.34, 25.7              ,       34.399, 7.22                 ,  7.79, 3.018              ,          0.63,             0.738, Bay of Bengal, fair
OBS_174988c3  , 2023-10-08, BOB02     , 16.50689707805245  , 82.10294224129012, 1000   ,                 27.4 , 27.47             ,       34.209, 6.23                 ,  8.07, 0.76               ,          0.39,             0.029, Bay of Bengal, good
OBS_a5d159a3  , 2023-10-08, IO01      ,  8.516149768189111 , 73.20997093755494, 10     ,                 27.91, 19.59             ,       33.971, -999.0               ,  7.83, 0.052              ,          0.65,             0.396, Indian Ocean , poor
OBS_450a59fe  , 2023-10-08, IO02      ,  6.2068332899281105, 75.79790686180421, 100    ,                 29.52, 23.55             ,       33.119, 6.57                 ,  8.53, 1.071              ,          2.17,             0.021, Indian Ocean , questionable
OBS_d9284a63  , 2023-10-15, AS01      , 15.506411866624111 , 68.20830709850496, 2000   ,                      , 25.53             ,       37.637, 4.79                 ,  7.69, 1.806              ,          2.83,             0.298, Arabian Sea  , 
OBS_baf2c5cd  , 2023-10-15, AS02      , 12.796128693502105 , 71.49954588782067, 100    ,                 25.96, N/A               ,       32.862, 2.54                 ,  8.26, 0.053              ,          1.53,             0.104, Arabian Sea  , good
OBS_bad94a23  , 2023-10-15, BOB01     , 13.005427043979767 , 80.28961140210212, 50     ,                 28.56, 15.96             ,       34.783, 4.96                 ,  7.95, 0.852              ,          3.45,             0.052, Bay of Bengal, questionable
OBS_940e6363  , 2023-10-15, BOB02     , 16.48648925633792  , 82.08677542043256, 10     ,                 28.84, 22.63             ,       33.967, 6.79                 ,  7.8 , 0.23               ,          0.48,             0.23 , Bay of Bengal, poor
OBS_8b9541f9  , 2023-10-15, IO01      ,  8.510648767392903 , 73.17859734121222, 10     ,                 29.7 , 23.85             ,       20.459, 5.74                 ,  8.06, 0.35               ,          1.7 ,             0.85 , Indian Ocean , good
OBS_166938cb  , 2023-10-15, IO02      ,  6.204736320768115 , 75.79073618870018, 200    ,                 25.0 , 22.15             ,       35.301, 7.72                 ,  8.15, 1.104              ,          1.51,             0.283, Indian Ocean , questionable
OBS_6d5ac7c6  , 2023-10-22, AS01      , 15.509758167193446 , 68.20918454443942, 100    ,                      , 23.88             ,       33.698, 5.45                 ,  8.01, 0.145              ,              ,             0.001, Arabian Sea  , good
OBS_2c6ce90d  , 2023-10-22, AS02      , 12.798539131784684 , 71.49407073466952, 200    ,                 25.39, 22.28             ,       33.949, 3.93                 ,  8.03, 0.586              ,          1.04,             0.084, Arabian Sea  , questionable
OBS_1df6d30e  , 2023-10-22, BOB01     , 12.991317072681236 , 80.30534629086122, 500    ,                 26.66, 19.86             ,       34.935, 7.0                  ,  7.47, 0.448              ,          3.39,             0.358, Bay of Bengal, fair
OBS_3144ce73  , 2023-10-22, BOB02     , 16.504334897174484 , 82.0919393244125 , 10     ,                 21.91, 22.11             ,       35.193, 7.86                 ,  7.8 , 0.744              ,          1.42,             0.123, Bay of Bengal, questionable
OBS_f76d8667  , 22/10/2023, IO01      ,  8.5262079309103   , 73.18888032974226, 100    ,                 27.32, 17.99             ,       34.641, 6.52                 ,  7.29, 0.015              ,          1.62,             0.021, Indian Ocean , 
OBS_f3e5a92f  , 2023-10-22, IO02      ,  6.19761087158016  , 75.81430155636559, -50    ,                 32.16, 25.29             ,       35.137, 9.37                 ,  8.21, 1.483              ,          1.78,             0.122, Indian Ocean , 
OBS_0d4d0c6f  , 2023-10-29, AS01      , 15.508484308822053 , 68.17753110666015, 200    ,                 29.33, 21.15             ,       34.692, 8.04                 ,  8.04, 1.302              ,          0.73,             0.068, Arabian Sea  , 
OBS_071dae5d  , 2023-10-29, AS02      , 12.798132280858049 , 71.493823908182  , 100    ,                 26.98, 22.78             ,       36.24 , 5.31                 ,  7.54, 0.199              ,          2.08,             0.14 , Arabian Sea  , poor
OBS_b7d220cd  , 2023-10-29, BOB01     , 12.992658262012215 , 80.30081995556414, 10     ,                 32.9 , 21.19             ,       36.347, 7.94                 ,  8.04, 0.004              ,          4.92,             0.445, Bay of Bengal, 
OBS_d84ef221  , 2023-10-29, BOB02     , 16.49279360328168  , 82.10528831301812, 500    ,                 29.64, 26.76             ,       35.645, 7.62                 ,  8.13, 0.121              ,          3.38,             0.291, Bay of Bengal, fair
OBS_92703797  , 2023-10-29, IO01      ,  8.489674760964725 , 73.20397927049947, 1000   ,                 28.88, 21.72             ,       35.227, 6.59                 ,  8.26, 0.849              ,          3.45,             0.259, Indian Ocean , good
OBS_91b35dc8  , 2023-10-29, IO02      ,  6.186276253997006 , 75.80031044897763, 50     ,                 33.02, 21.4              ,       33.783, 5.03                 ,  7.77, 0.194              ,          0.68,             0.715, Indian Ocean , poor
OBS_e36d082e  , 2023-11-05, AS01      , 15.508545252270666 , 68.20171839339794, 50     ,                 29.06, 20.57             ,       36.187, -999.0               ,  7.97, 0.862              ,          0.76,             0.092, Arabian Sea  , questionable
OBS_a989b06f  , 2023-11-05, AS02      , 12.806178748004646 , 71.50712628483846, 50     ,                 29.88, 18.34             ,       33.726, 7.28                 ,  7.82, 0.197              ,          0.3 ,             0.506, Arabian Sea  , good
OBS_26a76e8e  , 2023-11-05, BOB01     , 13.003496500472997 , 80.28435197228637, 200    ,                 30.4 , 19.06             ,       36.522, -999.0               ,  7.96, 0.24               ,          1.27,             0.634, Bay of Bengal, fair
OBS_6cfb0e67  , 2023-11-05, BOB02     , 16.503350580290842 , 82.10316155957182, 100    ,                 28.74, 21.26             ,       35.615, 5.66                 ,  8.0 , 1.85               ,          2.24,                  , Bay of Bengal, good
OBS_4f281d33  , 2023-11-05, IO01      ,  8.481879610988704 , 73.20640533591632, 2000   ,                 29.67, 17.19             ,       35.708, 7.3                  ,  7.79, 0.018              ,          1.1 ,             0.459, Indian Ocean , questionable
OBS_2d74deee  , 2023-11-05, IO02      ,  6.201448878330969 , 75.80023903043285, 2000   ,                 25.5 , 24.31             ,       36.402, 7.33                 ,  8.42, 0.784              ,          4.7 ,             0.265, Indian Ocean , fair
OBS_191bf2b9  , 2023-11-12, AS01      , 15.501591589453321 , 68.18529194918327, 500    ,                 27.62, N/A               ,       36.676, 4.73                 ,  8.56, 0.208              ,          2.2 ,             0.126, Arabian Sea  , good
OBS_b725e76f  , 2023-11-12, AS02      , 12.789410924129434 , 71.51481663402463, 15000  ,                 28.85, N/A               ,       36.142, 7.19                 ,  8.31, 0.044              ,          3.76,             0.337, Arabian Sea  , 
OBS_982c1575  , 2023-11-12, BOB01     , 12.99602295886093  , 80.3181994885055 , 50     ,                 33.41, 22.11             ,       36.014, 8.61                 ,  7.88, 0.808              ,          0.89,             0.059, Bay of Bengal, 
OBS_2e056937  , 2023-11-12, BOB02     , 16.474704399223057 , 82.09703392540929, 10     ,                 30.88, 23.62             ,       35.428, 8.6                  ,  8.35, 1.299              ,          1.92,             0.23 , Bay of Bengal, 
OBS_96c8bbfa  , 12/11/2023, IO01      ,  8.491925645985305 , 73.19850994800636, 100    ,                 29.1 , 18.42             ,       35.264, 5.83                 ,  8.63, 0.351              ,          3.71,             0.01 , Indian Ocean , fair
OBS_e4c70ef6  , 2023-11-12, IO02      ,  6.1910444390645365, 75.80996008659389, 50     ,                 30.83, 22.94             ,       35.198, 7.64                 ,  8.23, 1.738              ,          1.01,                  , Indian Ocean , poor
OBS_baa9bb86  , 2023-11-19, AS01      , 15.497941405691197 , 68.1925342165346 , 2000   ,                 29.22, 22.34             ,       36.231, 5.98                 ,  8.05, 0.055              ,          0.89,             0.509, Arabian Sea  , questionable
OBS_584ff411  , 2023-11-19, AS02      , 12.795371843136605 , 71.4898506519369 , 2000   ,                 28.06, 17.14             ,       34.211, -999.0               ,  8.01, 0.147              ,          0.23,             0.118, Arabian Sea  , 
OBS_ed83fba5  , 2023-11-19, BOB01     , 12.995870021778567 , 80.29073301691152, 10     ,                 26.6 , 20.88             ,             , 5.16                 ,  8.51, 0.052              ,          0.47,             0.497, Bay of Bengal, good
OBS_d21da9e6  , 2023-11-19, BOB02     , 16.485736210777187 , 82.10781362222362, 100    ,                 28.42, 19.39             ,       35.488, 2.99                 ,  7.99, 0.695              ,          1.67,             0.047, Bay of Bengal, 
OBS_4ad96302  , 2023-11-19, IO01      ,  8.504820667273354 , 73.20368733147318, -50    ,                 26.38, 22.02             ,       32.537, 5.49                 ,  7.74, 1.033              ,          0.09,             0.33 , Indian Ocean , questionable
OBS_908fb8a7  , 19/11/2023, IO02      ,  6.195755512968575 , 75.81035825238418, 200    ,                 29.48, 15.93             ,       34.465, 7.72                 ,  8.09, 1.083              ,          0.34,             0.198, Indian Ocean , questionable
OBS_4bfc0db7  , 2023-11-26, AS01      , 15.51904136589573  , 68.21625958915362, 500    ,                 27.82, 25.47             ,       34.169, 2.66                 ,  7.95, 0.175              ,          1.72,             0.058, Arabian Sea  , 
OBS_66b44c7d  , 2023-11-26, AS02      , 12.790913497042586 , 71.49284951817033, 2000   ,                 34.05, 21.59             ,       35.155, 3.47                 ,  8.54, 0.122              ,          0.45,             0.061, Arabian Sea  , 
OBS_ddcd75a2  , 2023-11-26, BOB01     , 12.994676877340702 , 80.31195139179833, 2000   ,                 29.6 , 20.72             ,       35.256, 5.86                 ,  8.12, NULL               ,          1.85,             0.141, Bay of Bengal, good
OBS_57dd811a  , 2023-11-26, BOB02     , 16.50681359510443  , 82.09161414201552, 200    ,                      , 22.47             ,       33.786, 6.92                 ,  8.24, 0.154              ,          0.49,             0.622, Bay of Bengal, fair
OBS_3a97ec26  , 2023-11-26, IO01      ,  8.497382949323217 , 73.19343804045111, 500    ,                 26.28, 23.81             ,       36.275, 5.05                 ,  8.24, 0.49               ,          0.72,             0.761, Indian Ocean , 
OBS_1e560c6e  , 2023-11-26, IO02      ,  6.211716623117805 , 75.79634664046988, 2000   ,                 26.67, 21.88             ,       35.868, 9.06                 ,  8.04, 0.134              ,          0.88,             0.44 , Indian Ocean , 
OBS_1bbee9f7  , 2023-12-03, AS01      , 15.479158870605014 , 68.21724696649761, 100    ,                 27.0 , 18.55             ,       37.692, 6.6                  ,  8.11, 0.557              ,          2.47,             0.011, Arabian Sea  , questionable
OBS_f4bbea19  , 2023-12-03, AS02      , 12.81221235660067  , 71.49512841977354, 50     ,                 27.78, 23.02             ,       34.745, 5.44                 ,  7.93, 0.75               ,          1.7 ,             0.057, Arabian Sea  , poor
OBS_2af97f92  , 2023-12-03, BOB01     , 13.00098067539539  , 80.31295871781863, 500    ,                 32.07, 20.13             ,       35.19 , 5.4                  ,  8.33, 0.667              ,          0.48,             0.147, Bay of Bengal, questionable
OBS_07430bc9  , 2023-12-03, BOB02     , 16.488277395471084 , 82.11146879199251, 10     ,                 26.7 , 24.48             ,       34.566, 6.08                 ,  8.13, 2.165              ,          1.61,             0.284, Bay of Bengal, fair
OBS_c26835de  , 2023-12-03, IO01      ,  8.493960193740307 , 73.1977045134464 , 500    ,                 29.33, 23.81             ,       33.645, 4.43                 ,  8.4 , 0.78               ,          2.72,             0.112, Indian Ocean , fair
OBS_119123f4  , 2023-12-03, IO02      ,  6.189045990969908 , 75.80298391846566, 2000   ,                 24.4 , 20.84             ,       35.996, 5.36                 ,  8.29, 0.051              ,          1.15,             0.053, Indian Ocean , 
OBS_e9318799  , 2023-12-10, AS01      , 15.49051083479175  , 68.21747363197916, 100    ,                 28.36, 23.65             ,       32.821, 6.22                 ,  8.72, 1.113              ,          0.98,             0.259, Arabian Sea  , 
OBS_a403f51b  , 2023-12-10, AS02      , 12.802293141284347 , 71.51712667712839, 10     ,                 30.83, 21.34             ,       36.163, 4.21                 ,  7.85, 0.163              ,          0.8 ,             0.169, Arabian Sea  , fair
OBS_c668e2b4  , 2023-12-10, BOB01     , 12.997616618276865 , 80.29722683943433, 2000   ,                 28.34, 16.18             ,             , 7.6                  ,  7.61, NULL               ,          0.43,             0.237, Bay of Bengal, poor
OBS_4c2e3f14  , 2023-12-10, BOB02     , 16.504667162340052 , 82.10506366977526, 200    ,                 30.29, 24.83             ,       36.302, 9.64                 ,  8.34, 1.829              ,              ,             0.153, Bay of Bengal, poor
OBS_65fdf1c7  , 2023-12-10, IO01      ,  8.490480815399778 , 73.20077480518519, 0      ,                 28.94, 19.18             ,       33.566, 6.03                 ,  8.14, 1.074              ,          0.75,             0.323, Indian Ocean , fair
OBS_6cbc8400  , 10/12/2023, IO02      ,  6.1847945868263015, 75.79766084969356, 500    ,                 29.14, 18.13             ,       35.201, 5.92                 ,  7.53, 0.041              ,          0.63,             0.353, Indian Ocean , 
OBS_b5622ae4  , 2023-12-17, AS01      , 15.513257966475422 , 68.19416400673654, 50     ,                 24.96, 24.19             ,       32.561, -999.0               ,  8.41, 1.388              ,          1.24,             0.135, Arabian Sea  , 
OBS_7e1a7f4e  , 2023-12-17, AS02      , 12.786986564731645 , 71.49207791093815, 1000   ,                      , N/A               ,       36.046, 3.47                 ,  7.25, 1.471              ,          0.84,             0.521, Arabian Sea  , good
OBS_98a02b6d  , 2023-12-17, BOB01     , 12.993417515876661 , 80.3005898422159 , 50     ,                 22.91, 23.41             ,       34.576, 6.8                  ,  8.69, 0.027              ,          0.06,             0.32 , Bay of Bengal, questionable
OBS_b094251e  , 2023-12-17, BOB02     , 16.497835477772284 , 82.09369713555934, 500    ,                 29.62, 21.0              ,             , 6.51                 ,  7.81, 0.759              ,          1.13,             0.325, Bay of Bengal, poor
OBS_8e7b51b6  , 2023-12-17, IO01      ,  8.517349365758369 , 73.19143227906173, 200    ,                 23.04, 25.76             ,       35.284, 6.97                 ,  7.63, 0.236              ,          3.33,             0.132, Indian Ocean , questionable
OBS_ba8f3229  , 2023-12-17, IO02      ,  6.201531019929344 , 75.81018157247648, 10     ,                 27.11, 22.75             ,       33.357, 5.49                 ,  8.2 , 0.034              ,          1.02,             0.055, Indian Ocean , good
OBS_062323eb  , 2023-12-24, AS01      , 15.506927227551168 , 68.20202328796424, 1000   ,                      , 22.15             ,       32.908, 6.84                 ,  8.02, 2.178              ,          1.58,             0.155, Arabian Sea  , fair
OBS_f155cd02  , 24/12/2023, AS02      , 12.812548119434693 , 71.50732234507133, 200    ,                 32.58, 19.75             ,       36.982, 7.6                  ,  8.27, 0.127              ,          1.5 ,             0.169, Arabian Sea  , good
OBS_d915d9eb  , 2023-12-24, BOB01     , 13.007597122954841 , 80.29905541285558, 50     ,                 27.97, 24.19             ,       34.232, 10.43                ,  7.3 , 0.295              ,          0.2 ,             0.095, Bay of Bengal, 
OBS_06af2d07  , 2023-12-24, BOB02     , 16.495256545580965 , 82.10073434519241, 1000   ,                 29.55, 19.34             ,       36.335, 8.08                 ,  8.28, 2.346              ,          3.26,             1.392, Bay of Bengal, poor
OBS_aeac433a  , 2023-12-24, IO01      ,  8.481301836604679 , 73.1969914025286 , 2000   ,                 27.66, 26.2              ,       36.105, 7.0                  ,  7.75, 0.202              ,          1.85,             0.052, Indian Ocean , 
OBS_76ba676c  , 2023-12-24, IO02      ,  6.2034435576928795, 75.79626337921735, 2000   ,                 25.48, 23.34             ,       35.102, 5.85                 ,  7.87, 0.085              ,          0.47,             0.007, Indian Ocean , 
OBS_d7c74597  , 2023-12-31, AS01      , 15.495885068554378 , 68.19910765845779, 50     ,                 27.23, 20.2              ,       34.673, 6.35                 ,  7.94, 0.399              ,          1.41,             0.464, Arabian Sea  , questionable
OBS_b6d2441d  , 2023-12-31, AS02      , 12.797582503611066 , 71.50780070297391, 500    ,                 28.41, N/A               ,       32.723, 8.89                 ,  8.11, 0.258              ,          1.85,             0.095, Arabian Sea  , fair
OBS_ed432d50  , 2023-12-31, BOB01     , 13.006550406137817 , 80.28014538979582, 2000   ,                 26.92, 22.32             ,       36.252, 5.72                 ,  7.92, 0.205              ,              ,             0.51 , Bay of Bengal, questionable
OBS_3e340650  , 2023-12-31, BOB02     , 16.487625733617776 , 82.10109408471833, 500    ,                 26.97, N/A               ,       35.613, 4.8                  ,  8.1 , 0.467              ,          0.76,             0.151, Bay of Bengal, poor
OBS_59652c69  , 2023-12-31, IO01      ,  8.515677961311965 , 73.191404999602  , 2000   ,                 31.82, 23.1              ,       34.072, 7.02                 ,  7.96, 0.358              ,          0.74,             0.342, Indian Ocean , 
OBS_5b6446a0  , 2023-12-31, IO02      ,  6.20975312458478  , 75.80515628088443, 1000   ,                 29.81, 18.46             ,       35.428, 5.61                 ,  8.01, 0.209              ,          2.07,             0.083, Indian Ocean , good
OBS_8c38cd1b  , 2024-01-07, AS01      , 15.506052237010183 , 68.21115433297382, 1000   ,                 30.95, 23.77             ,       33.476, 5.6                  ,  7.87, 0.89               ,          3.23,             0.025, Arabian Sea  , fair
OBS_bb163dec  , 2024-01-07, AS02      , 12.811446062820501 , 71.50209713299198, 100    ,                 31.13, 22.82             ,       34.464, 2.91                 ,  7.71, NULL               ,          4.12,             0.12 , Arabian Sea  , 
OBS_4f59474d  , 2024-01-07, BOB01     , 13.00900398588395  , 80.30451225319318, 100    ,                 30.82, 23.84             ,       36.563, 6.73                 ,  8.3 , 0.233              ,          0.72,             0.033, Bay of Bengal, questionable
OBS_9f02f403  , 2024-01-07, BOB02     , 16.509179676706662 , 82.09234139909913, 500    ,                 31.46, N/A               ,       33.386, -999.0               ,  8.6 , 0.918              ,          3.61,             0.168, Bay of Bengal, 
OBS_28190c12  , 2024-01-07, IO01      ,  8.510728867429929 , 73.20325436859434, 2000   ,                 30.32, 18.78             ,       35.542, 3.83                 ,  7.86, 0.049              ,          2.21,                  , Indian Ocean , questionable
OBS_9416f401  , 2024-01-07, IO02      ,  6.219114190871397 , 75.81007443973195, 2000   ,                 27.78, N/A               ,       32.262, 5.82                 ,  8.26, 0.501              ,          0.5 ,             0.058, Indian Ocean , questionable
OBS_c07a0c6d  , 2024-01-14, AS01      , 15.492021862516626 , 68.18932365149399, 0      ,                 25.36, 22.69             ,       35.925, 6.22                 ,  8.96, 0.058              ,          1.55,             0.748, Arabian Sea  , good
OBS_bfaed900  , 2024-01-14, AS02      , 12.810581183250871 , 71.49118931663338, 500    ,                 27.8 , 18.91             ,       36.044, 9.62                 ,  8.17, 1.844              ,          2.11,             0.875, Arabian Sea  , questionable
OBS_8a851e04  , 2024-01-14, BOB01     , 12.987544060883854 , 80.29239810551037, 1000   ,                 26.72, 25.9              ,       36.524, 5.77                 ,  8.11, 1.044              ,          2.93,             0.126, Bay of Bengal, good
OBS_b78f4bbc  , 2024-01-14, BOB02     , 16.513554428011055 , 82.11170198709196, 1000   ,                 29.22, 27.01             ,       34.012, 5.52                 ,  8.18, 0.0                ,          0.59,             0.004, Bay of Bengal, good
OBS_430a5a0b  , 2024-01-14, IO01      ,  8.484111815246798 , 73.19717113279481, 200    ,                 28.84, 22.35             ,       35.465, 4.65                 ,  8.11, 0.637              ,          3.4 ,             0.082, Indian Ocean , 
OBS_191b9b33  , 2024-01-14, IO02      ,  6.187929783521428 , 75.7892468760695 , 2000   ,                 26.95, 22.0              ,       35.13 , -999.0               ,  8.42, 4.335              ,          1.43,             0.502, Indian Ocean , fair
OBS_b1427dca  , 2024-01-21, AS01      , 15.51035724642583  , 68.2081972833169 , 200    ,                 32.69, 19.07             ,       33.416, 8.25                 ,  8.2 , 0.11               ,          0.58,             0.355, Arabian Sea  , good
OBS_24684c5e  , 2024-01-21, AS02      , 12.799460951509943 , 71.49017696419622, 200    ,                 28.5 , 25.57             ,       35.694, 8.79                 ,  7.96, 0.768              ,          0.22,             0.066, Arabian Sea  , poor
OBS_2c53d15b  , 2024-01-21, BOB01     , 13.019708642707178 , 80.29980531300923, 2000   ,                 31.3 , 29.52             ,       35.035, 4.57                 ,  7.64, 0.812              ,          1.62,             0.013, Bay of Bengal, questionable
OBS_a425a97f  , 2024-01-21, BOB02     , 16.51286503119072  , 82.09480842677206, 10     ,                 26.41, 18.65             ,       35.804, 6.63                 ,  8.2 , 1.048              ,              ,             0.136, Bay of Bengal, fair
OBS_a349d0e6  , 2024-01-21, IO01      ,  8.512300005727191 , 73.19715615350394, 2000   ,                 33.91, 24.02             ,       33.696, 2.55                 , 10.49, 1.938              ,          0.53,             0.151, Indian Ocean , fair
OBS_bfda5daf  , 2024-01-21, IO02      ,  6.203382524875292 , 75.78749303937012, 1000   ,                 32.48, 24.27             ,       34.636, 5.27                 ,  8.0 , 0.703              ,          1.24,             0.124, Indian Ocean , fair
OBS_a20cda62  , 2024-01-28, AS01      , 15.486445524968877 , 68.19474120324105, 2000   ,                 28.55, 15.49             ,       33.977, 4.53                 ,  8.03, 1.718              ,          0.21,             0.175, Arabian Sea  , questionable
OBS_49122234  , 2024-01-28, AS02      , 12.81490379470193  , 71.48882250346074, 200    ,                 28.94, 23.38             ,       34.957, 6.06                 ,  7.74, 0.737              ,          0.21,             0.041, Arabian Sea  , good
OBS_256b15a3  , 2024-01-28, BOB01     , 13.010269862633198 , 80.29183782755457, 500    ,                 27.6 , 19.41             ,       35.612, 6.35                 ,  7.9 , 0.724              ,          1.57,             0.487, Bay of Bengal, good
OBS_b1b9ad69  , 2024-01-28, BOB02     , 16.48850628389784  , 82.11202477747652, 100    ,                 28.7 , 24.86             ,       34.967, 3.36                 ,  7.86, 0.124              ,          1.12,             0.025, Bay of Bengal, fair
OBS_cd381650  , 2024-01-28, IO01      ,  8.499011547987607 , 73.204359753895  , 1000   ,                 29.29, 21.95             ,       33.802, 8.17                 ,  8.23, 1.224              ,          1.55,             0.624, Indian Ocean , questionable
OBS_33c5442f  , 2024-01-28, IO02      ,  6.208442832280975 , 75.78735313568244, 500    ,                 22.17, 24.28             ,       34.951, 5.8                  ,  6.79, 1.327              ,          0.81,             0.174, Indian Ocean , poor
OBS_048c12aa  , 2024-02-04, AS01      , 15.499227789547769 , 68.18223988245951, 1000   ,                 32.32, 22.52             ,       34.093, 5.78                 ,  8.34, 0.195              ,          0.8 ,             0.525, Arabian Sea  , 
OBS_8e49965e  , 2024-02-04, AS02      , 12.805737444210045 , 71.48723695583462, 500    ,                 31.16, 22.91             ,       36.461, 7.0                  ,  8.43, 1.227              ,          4.07,             0.279, Arabian Sea  , poor
OBS_f395f659  , 2024-02-04, BOB01     , 12.98783674167205  , 80.29789833092208, 1000   ,                 25.28, 23.04             ,       34.975, 5.09                 ,  8.14, 0.206              ,          3.74,             0.025, Bay of Bengal, 
OBS_6162f239  , 2024-02-04, BOB02     , 16.500188190497408 , 82.08828345652682, 100    ,                 27.21, 20.35             ,       34.154, 5.96                 ,  8.19, 0.528              ,          0.06,             0.548, Bay of Bengal, poor
OBS_1782ce0d  , 2024-02-04, IO01      ,  8.495120066837927 , 73.2082096688437 , 1000   ,                 32.74, 28.17             ,       34.988, 8.04                 ,  8.15, 0.83               ,          0.37,             0.875, Indian Ocean , good
OBS_b60669e7  , 2024-02-04, IO02      ,  6.21153590343317  , 75.81386349397262, 10     ,                 24.41, 22.48             ,       35.183, 6.44                 ,  8.0 , 0.647              ,          0.54,             0.001, Indian Ocean , poor
OBS_b155f22d  , 2024-02-11, AS01      , 15.515301951988633 , 68.20664927162302, 2000   ,                 27.74, 13.77             ,       34.366, 6.08                 ,  7.8 , NULL               ,          0.87,             0.942, Arabian Sea  , 
OBS_37de08dc  , 2024-02-11, AS02      , 12.791025084368329 , 71.48687817522472, 200    ,                 26.19, 16.99             ,       34.408, 5.82                 ,  8.25, 0.905              ,          0.85,             0.193, Arabian Sea  , poor
OBS_5b07d2da  , 2024-02-11, BOB01     , 12.982978656000252 , 80.29402576634857, 2000   ,                 29.76, 20.99             ,       34.205, 7.27                 ,  7.64, 3.061              ,              ,             0.06 , Bay of Bengal, questionable
OBS_3098e6e8  , 2024-02-11, BOB02     , 16.50424393937861  , 82.1050274480749 , 500    ,                 31.19, 20.33             ,       36.719, 8.36                 ,  8.18, 1.304              ,          0.67,             0.239, Bay of Bengal, 
OBS_812d947c  , 2024-02-11, IO01      ,  8.494785989081812 , 73.18819716396177, 2000   ,                 22.27, 19.01             ,       36.755, 5.15                 ,  7.75, 0.885              ,          0.04,             0.27 , Indian Ocean , poor
OBS_ca740f28  , 2024-02-11, IO02      ,  6.198396399189551 , 75.80879417041137, 100    ,                 29.16, 30.32             ,       33.17 , 3.69                 ,  8.2 , 1.085              ,          1.28,             0.249, Indian Ocean , poor
OBS_daa222f3  , 2024-02-18, AS01      , 15.524415043421694 , 68.21809514918519, -50    ,                      , N/A               ,       33.507, 8.68                 ,  8.19, 1.062              ,          1.08,             0.091, Arabian Sea  , poor
OBS_7a08c490  , 2024-02-18, AS02      , 12.806405429350749 , 71.50123078201656, 200    ,                 24.81, 16.19             ,       34.943, -999.0               ,  8.1 , 0.269              ,          1.11,             0.007, Arabian Sea  , fair
OBS_4a5b6b8c  , 2024-02-18, BOB01     , 13.009362090095799 , 80.3018481030249 , 1000   ,                 28.22, 17.94             ,       50.079, 4.84                 ,  7.44, 0.589              ,          2.99,             0.066, Bay of Bengal, fair
OBS_c448f23b  , 2024-02-18, BOB02     , 16.49184624371684  , 82.089337650681  , 1000   ,                 31.63, 23.35             ,       36.671, 5.41                 ,  8.14, 0.16               ,          2.38,             0.066, Bay of Bengal, good
OBS_b10cd227  , 2024-02-18, IO01      ,  8.513369204375648 , 73.21182565727061, 10     ,                 33.81, 26.36             ,       37.104, 4.0                  ,  8.12, 0.193              ,          0.39,             0.153, Indian Ocean , questionable
OBS_6034f911  , 2024-02-18, IO02      ,  6.203361449630262 , 75.79772523740046, 10     ,                 28.23, 25.3              ,       37.084, 7.56                 ,  8.24, 4.634              ,          1.55,             0.102, Indian Ocean , 
